8988299000100000000,89882990001000000005,001019902000000,88240000,0000,12345678,1234,87654321,11111111,17027D3254FF801B6E651FB9CF3A3430,E6FE3E6D431583E15FD466718838AACA
8988299000100000001,89882990001000000013,001019902000001,88240001,0000,12345678,1234,87654321,11111111,6A2F01922032070D476A81A16994D747,E6FE3E6D431583E15FD466718838AACA
8988299000100000002,89882990001000000021,001019902000002,88240002,0000,12345678,1234,87654321,11111111,26C2A89D86608E8CA8844B295CBEDD51,E6FE3E6D431583E15FD466718838AACA
8988299000100000003,89882990001000000039,001019902000003,88240003,0000,12345678,1234,87654321,11111111,86D450D5224BE02DA6AEC96BAF236137,E6FE3E6D431583E15FD466718838AACA
8988299000100000004,89882990001000000047,001019902000004,88240004,0000,12345678,1234,87654321,11111111,2D10C0103A3C0CB6AB5F0F707BC34ACE,E6FE3E6D431583E15FD466718838AACA
8988299000100000005,89882990001000000054,001019902000005,88240005,0000,12345678,1234,87654321,11111111,5AE8DD57376BD2B9D9B97D3BF0223B47,E6FE3E6D431583E15FD466718838AACA
8988299000100000006,89882990001000000062,001019902000006,88240006,0000,12345678,1234,87654321,11111111,12CAF2C76F82E46CC50AE92F2C591F3E,E6FE3E6D431583E15FD466718838AACA
8988299000100000007,89882990001000000070,001019902000007,88240007,0000,12345678,1234,87654321,11111111,055CF5549BB6C326F71D3A97188EB1FF,E6FE3E6D431583E15FD466718838AACA
8988299000100000008,89882990001000000088,001019902000008,88240008,0000,12345678,1234,87654321,11111111,39DC07A3B173C7E77B8A6B5543365E7E,E6FE3E6D431583E15FD466718838AACA
8988299000100000009,89882990001000000096,001019902000009,88240009,0000,12345678,1234,87654321,11111111,C0B665126DCA26BB936BD1732A248BC4,E6FE3E6D431583E15FD466718838AACA
8988299000100000010,89882990001000000104,001019902000010,88240010,0000,12345678,1234,87654321,11111111,CA222D851DF72C4E9488210707844890,E6FE3E6D431583E15FD466718838AACA
8988299000100000011,89882990001000000112,001019902000011,88240011,0000,12345678,1234,87654321,11111111,A1F86E69350AC2CA429F223ECC523AC3,E6FE3E6D431583E15FD466718838AACA
8988299000100000012,89882990001000000120,001019902000012,88240012,0000,12345678,1234,87654321,11111111,180E3322CBABC65170E86E10EBB76512,E6FE3E6D431583E15FD466718838AACA
8988299000100000013,89882990001000000138,001019902000013,88240013,0000,12345678,1234,87654321,11111111,F4D0509D0993CE4DFC84F8B0A3EC7360,E6FE3E6D431583E15FD466718838AACA
8988299000100000014,89882990001000000146,001019902000014,88240014,0000,12345678,1234,87654321,11111111,2F3C73B7C3140DD854185BE684F60CE1,E6FE3E6D431583E15FD466718838AACA
8988299000100000015,89882990001000000153,001019902000015,88240015,0000,12345678,1234,87654321,11111111,B65C40403339B2577DFFA1A127901D7A,E6FE3E6D431583E15FD466718838AACA
8988299000100000016,89882990001000000161,001019902000016,88240016,0000,12345678,1234,87654321,11111111,6D2D6378A49299F5A184ADAC4DA73218,E6FE3E6D431583E15FD466718838AACA
8988299000100000017,89882990001000000179,001019902000017,88240017,0000,12345678,1234,87654321,11111111,2C3612CA2D0A708DAD92D90EAF5BF34B,E6FE3E6D431583E15FD466718838AACA
8988299000100000018,89882990001000000187,001019902000018,88240018,0000,12345678,1234,87654321,11111111,AE95827BD201969019A1FD5A0EA5A859,E6FE3E6D431583E15FD466718838AACA
8988299000100000019,89882990001000000195,001019902000019,88240019,0000,12345678,1234,87654321,11111111,D4B3E6311D2E729F44E162B35E6B8797,E6FE3E6D431583E15FD466718838AACA
8988299000100000020,89882990001000000203,001019902000020,88240020,0000,12345678,1234,87654321,11111111,3904F5037BC719215E949A69802221D6,E6FE3E6D431583E15FD466718838AACA
8988299000100000021,89882990001000000211,001019902000021,88240021,0000,12345678,1234,87654321,11111111,5A6C7244B626D8957473B49F7D6F8860,E6FE3E6D431583E15FD466718838AACA
8988299000100000022,89882990001000000229,001019902000022,88240022,0000,12345678,1234,87654321,11111111,522C4828199E42780947870CD214B203,E6FE3E6D431583E15FD466718838AACA
8988299000100000023,89882990001000000237,001019902000023,88240023,0000,12345678,1234,87654321,11111111,17CFE3A4143C3546C08EB013413C5138,E6FE3E6D431583E15FD466718838AACA
8988299000100000024,89882990001000000245,001019902000024,88240024,0000,12345678,1234,87654321,11111111,88D4634311E33D8DBA58E24F237D53B2,E6FE3E6D431583E15FD466718838AACA
8988299000100000025,89882990001000000252,001019902000025,88240025,0000,12345678,1234,87654321,11111111,B6F181833F138E4A3A09A662D1D9E785,E6FE3E6D431583E15FD466718838AACA
8988299000100000026,89882990001000000260,001019902000026,88240026,0000,12345678,1234,87654321,11111111,6733E0732D0DCED481F01A617AD04EED,E6FE3E6D431583E15FD466718838AACA
8988299000100000027,89882990001000000278,001019902000027,88240027,0000,12345678,1234,87654321,11111111,F2FDF35F38D8BCB18C110025AE1D19A4,E6FE3E6D431583E15FD466718838AACA
8988299000100000028,89882990001000000286,001019902000028,88240028,0000,12345678,1234,87654321,11111111,154D982BF4DE965E99AC69C392FE2D27,E6FE3E6D431583E15FD466718838AACA
8988299000100000029,89882990001000000294,001019902000029,88240029,0000,12345678,1234,87654321,11111111,23F5AE0E9C2EDC5BA89176168A197535,E6FE3E6D431583E15FD466718838AACA
8988299000100000030,89882990001000000302,001019902000030,88240030,0000,12345678,1234,87654321,11111111,B4F7AA46ED304AD70710C0B3AF204562,E6FE3E6D431583E15FD466718838AACA
8988299000100000031,89882990001000000310,001019902000031,88240031,0000,12345678,1234,87654321,11111111,2A5AAA078D5FADB50DB62ED6109ED750,E6FE3E6D431583E15FD466718838AACA
8988299000100000032,89882990001000000328,001019902000032,88240032,0000,12345678,1234,87654321,11111111,3624ABDD662CEEE5C5FE2AB76B81CF6C,E6FE3E6D431583E15FD466718838AACA
8988299000100000033,89882990001000000336,001019902000033,88240033,0000,12345678,1234,87654321,11111111,1924D6CEC2FD76FAAF44FE750159E295,E6FE3E6D431583E15FD466718838AACA
8988299000100000034,89882990001000000344,001019902000034,88240034,0000,12345678,1234,87654321,11111111,F8B4D3D8A3A7FCA618F377B89C5D7A38,E6FE3E6D431583E15FD466718838AACA
8988299000100000035,89882990001000000351,001019902000035,88240035,0000,12345678,1234,87654321,11111111,E08B09211C13534AC5E4C0CCA5D43C38,E6FE3E6D431583E15FD466718838AACA
8988299000100000036,89882990001000000369,001019902000036,88240036,0000,12345678,1234,87654321,11111111,55A55AC9FE8C4F1C91A7FA892F47EBCF,E6FE3E6D431583E15FD466718838AACA
8988299000100000037,89882990001000000377,001019902000037,88240037,0000,12345678,1234,87654321,11111111,87E0CB78842D53F738213E4C4C593730,E6FE3E6D431583E15FD466718838AACA
8988299000100000038,89882990001000000385,001019902000038,88240038,0000,12345678,1234,87654321,11111111,1FD7EC82697734FC5C0A605406014ED2,E6FE3E6D431583E15FD466718838AACA
8988299000100000039,89882990001000000393,001019902000039,88240039,0000,12345678,1234,87654321,11111111,D04C5334BAC3D09E6CB4A3E51652421A,E6FE3E6D431583E15FD466718838AACA
8988299000100000040,89882990001000000401,001019902000040,88240040,0000,12345678,1234,87654321,11111111,266C449C6888E043CAF0730B354D6C09,E6FE3E6D431583E15FD466718838AACA
8988299000100000041,89882990001000000419,001019902000041,88240041,0000,12345678,1234,87654321,11111111,D94BCDCB485CE7CEFEEED6C11BDD8FBC,E6FE3E6D431583E15FD466718838AACA
8988299000100000042,89882990001000000427,001019902000042,88240042,0000,12345678,1234,87654321,11111111,1B54772A4836E7BA2F0E72B8900E9DC9,E6FE3E6D431583E15FD466718838AACA
8988299000100000043,89882990001000000435,001019902000043,88240043,0000,12345678,1234,87654321,11111111,257884CCB08935442D4BEE033852CBB0,E6FE3E6D431583E15FD466718838AACA
8988299000100000044,89882990001000000443,001019902000044,88240044,0000,12345678,1234,87654321,11111111,3B624A973FB17D84CA61B70C0191E20B,E6FE3E6D431583E15FD466718838AACA
8988299000100000045,89882990001000000450,001019902000045,88240045,0000,12345678,1234,87654321,11111111,42F1DC764AC7F20B3FD7BEF7799D5C80,E6FE3E6D431583E15FD466718838AACA
8988299000100000046,89882990001000000468,001019902000046,88240046,0000,12345678,1234,87654321,11111111,21F929C98EF1AEE9BFB3F675343DE044,E6FE3E6D431583E15FD466718838AACA
8988299000100000047,89882990001000000476,001019902000047,88240047,0000,12345678,1234,87654321,11111111,2178DEBF959A7B6554EDD1755280C270,E6FE3E6D431583E15FD466718838AACA
8988299000100000048,89882990001000000484,001019902000048,88240048,0000,12345678,1234,87654321,11111111,4D3D165DD74DA7805A51B0100E6C83CA,E6FE3E6D431583E15FD466718838AACA
8988299000100000049,89882990001000000492,001019902000049,88240049,0000,12345678,1234,87654321,11111111,950FCE4C8C9F13C8BE57E5D1B17A7C6C,E6FE3E6D431583E15FD466718838AACA
8988299000100000050,89882990001000000500,001019902000050,88240050,0000,12345678,1234,87654321,11111111,77269222DAE518845CC76D0CEAC6967A,E6FE3E6D431583E15FD466718838AACA
8988299000100000051,89882990001000000518,001019902000051,88240051,0000,12345678,1234,87654321,11111111,AC4EC6A2BF7AF13F5AC63E654031808B,E6FE3E6D431583E15FD466718838AACA
8988299000100000052,89882990001000000526,001019902000052,88240052,0000,12345678,1234,87654321,11111111,61FA8A63A1B0E8A2EC03CAB726261A63,E6FE3E6D431583E15FD466718838AACA
8988299000100000053,89882990001000000534,001019902000053,88240053,0000,12345678,1234,87654321,11111111,B93F81E1C2AAAB1A483F8E0DDD183A30,E6FE3E6D431583E15FD466718838AACA
8988299000100000054,89882990001000000542,001019902000054,88240054,0000,12345678,1234,87654321,11111111,2FF69F6AD7DBE7AAD894473BDC1C5EAD,E6FE3E6D431583E15FD466718838AACA
8988299000100000055,89882990001000000559,001019902000055,88240055,0000,12345678,1234,87654321,11111111,803598200EDB5ECCDA74DD9D0A8E7DAD,E6FE3E6D431583E15FD466718838AACA
8988299000100000056,89882990001000000567,001019902000056,88240056,0000,12345678,1234,87654321,11111111,D81DC235872E39948305CD4C768C6124,E6FE3E6D431583E15FD466718838AACA
8988299000100000057,89882990001000000575,001019902000057,88240057,0000,12345678,1234,87654321,11111111,44973EC752283555C6242FBFCD04F3B8,E6FE3E6D431583E15FD466718838AACA
8988299000100000058,89882990001000000583,001019902000058,88240058,0000,12345678,1234,87654321,11111111,BB6B9E0C8CADBC072D8EA8372B8DDAE8,E6FE3E6D431583E15FD466718838AACA
8988299000100000059,89882990001000000591,001019902000059,88240059,0000,12345678,1234,87654321,11111111,E51129FF77E0EA6C7A7CDF6B1D1D3639,E6FE3E6D431583E15FD466718838AACA
8988299000100000060,89882990001000000609,001019902000060,88240060,0000,12345678,1234,87654321,11111111,2E7101B2C791CCEE90884024659946C4,E6FE3E6D431583E15FD466718838AACA
8988299000100000061,89882990001000000617,001019902000061,88240061,0000,12345678,1234,87654321,11111111,DE871DF02DBE5A327A4124EA83E0093C,E6FE3E6D431583E15FD466718838AACA
8988299000100000062,89882990001000000625,001019902000062,88240062,0000,12345678,1234,87654321,11111111,B48764A5BC4CAAAEB76FD47195A9B86C,E6FE3E6D431583E15FD466718838AACA
8988299000100000063,89882990001000000633,001019902000063,88240063,0000,12345678,1234,87654321,11111111,72B9B878DCC1F7B99501F4C36D603AF4,E6FE3E6D431583E15FD466718838AACA
8988299000100000064,89882990001000000641,001019902000064,88240064,0000,12345678,1234,87654321,11111111,90A7A26C9C8176EBD500D4A881F554E0,E6FE3E6D431583E15FD466718838AACA
8988299000100000065,89882990001000000658,001019902000065,88240065,0000,12345678,1234,87654321,11111111,789E0909B6A7AE4DBC48C68DC5832F22,E6FE3E6D431583E15FD466718838AACA
8988299000100000066,89882990001000000666,001019902000066,88240066,0000,12345678,1234,87654321,11111111,CCE295B22D01529A04EF6EA4B04FBD38,E6FE3E6D431583E15FD466718838AACA
8988299000100000067,89882990001000000674,001019902000067,88240067,0000,12345678,1234,87654321,11111111,6EFF3ACC521BA479A862076748B1BE36,E6FE3E6D431583E15FD466718838AACA
8988299000100000068,89882990001000000682,001019902000068,88240068,0000,12345678,1234,87654321,11111111,6EEC8B128EE0FC44691B4FAF56D11B08,E6FE3E6D431583E15FD466718838AACA
8988299000100000069,89882990001000000690,001019902000069,88240069,0000,12345678,1234,87654321,11111111,50CF38F58DCD339501A99D984E6830B4,E6FE3E6D431583E15FD466718838AACA
8988299000100000070,89882990001000000708,001019902000070,88240070,0000,12345678,1234,87654321,11111111,045ED4FDA0E5012F73953091E3D79473,E6FE3E6D431583E15FD466718838AACA
8988299000100000071,89882990001000000716,001019902000071,88240071,0000,12345678,1234,87654321,11111111,57D60E17A233D37C5735E3F3FB1B8609,E6FE3E6D431583E15FD466718838AACA
8988299000100000072,89882990001000000724,001019902000072,88240072,0000,12345678,1234,87654321,11111111,B28E733EF78EFA0B1A6D6D2EA1989F72,E6FE3E6D431583E15FD466718838AACA
8988299000100000073,89882990001000000732,001019902000073,88240073,0000,12345678,1234,87654321,11111111,C66D4447B289AD37260C262D817B7D54,E6FE3E6D431583E15FD466718838AACA
8988299000100000074,89882990001000000740,001019902000074,88240074,0000,12345678,1234,87654321,11111111,65768C5C593EA136AE3FF216FBD53905,E6FE3E6D431583E15FD466718838AACA
8988299000100000075,89882990001000000757,001019902000075,88240075,0000,12345678,1234,87654321,11111111,0416524BCDB84C58F0A52B5E61F7228D,E6FE3E6D431583E15FD466718838AACA
8988299000100000076,89882990001000000765,001019902000076,88240076,0000,12345678,1234,87654321,11111111,9E9D618DB4D2F0FE327339A96382F26C,E6FE3E6D431583E15FD466718838AACA
8988299000100000077,89882990001000000773,001019902000077,88240077,0000,12345678,1234,87654321,11111111,6782BE0A75DDC7CFF5114CAF25107A24,E6FE3E6D431583E15FD466718838AACA
8988299000100000078,89882990001000000781,001019902000078,88240078,0000,12345678,1234,87654321,11111111,D49322A7D881FEE9264AF8DDE4FD351A,E6FE3E6D431583E15FD466718838AACA
8988299000100000079,89882990001000000799,001019902000079,88240079,0000,12345678,1234,87654321,11111111,6057EC7224388FCB2E744621EFAC22DB,E6FE3E6D431583E15FD466718838AACA
8988299000100000080,89882990001000000807,001019902000080,88240080,0000,12345678,1234,87654321,11111111,77C23794D7B7ECB36F83E1A73978D485,E6FE3E6D431583E15FD466718838AACA
8988299000100000081,89882990001000000815,001019902000081,88240081,0000,12345678,1234,87654321,11111111,F2712D9392534D2EB9971F8D0CDEE4A8,E6FE3E6D431583E15FD466718838AACA
8988299000100000082,89882990001000000823,001019902000082,88240082,0000,12345678,1234,87654321,11111111,93ED773C2C9F941A76F577291D503F49,E6FE3E6D431583E15FD466718838AACA
8988299000100000083,89882990001000000831,001019902000083,88240083,0000,12345678,1234,87654321,11111111,5A996786EAE2EE6D36D1CD8A781E08EC,E6FE3E6D431583E15FD466718838AACA
8988299000100000084,89882990001000000849,001019902000084,88240084,0000,12345678,1234,87654321,11111111,25439C4451AA6211CE06B81001B32007,E6FE3E6D431583E15FD466718838AACA
8988299000100000085,89882990001000000856,001019902000085,88240085,0000,12345678,1234,87654321,11111111,A8C56497D963D745ACFEDCE34892CCC1,E6FE3E6D431583E15FD466718838AACA
8988299000100000086,89882990001000000864,001019902000086,88240086,0000,12345678,1234,87654321,11111111,802EA67C9339B9F2D36B67B63F1C738C,E6FE3E6D431583E15FD466718838AACA
8988299000100000087,89882990001000000872,001019902000087,88240087,0000,12345678,1234,87654321,11111111,D5CB979C4F7BCEFA59880E92D8267548,E6FE3E6D431583E15FD466718838AACA
8988299000100000088,89882990001000000880,001019902000088,88240088,0000,12345678,1234,87654321,11111111,BEE2683467B47655F850C78E483E53F7,E6FE3E6D431583E15FD466718838AACA
8988299000100000089,89882990001000000898,001019902000089,88240089,0000,12345678,1234,87654321,11111111,2BA31DCE494BE32377C145FD93E454B4,E6FE3E6D431583E15FD466718838AACA
8988299000100000090,89882990001000000906,001019902000090,88240090,0000,12345678,1234,87654321,11111111,2C00351F90E522284387FC315C8B905B,E6FE3E6D431583E15FD466718838AACA
8988299000100000091,89882990001000000914,001019902000091,88240091,0000,12345678,1234,87654321,11111111,262CBBDAAB0C0E0BED264E01D8922B21,E6FE3E6D431583E15FD466718838AACA
8988299000100000092,89882990001000000922,001019902000092,88240092,0000,12345678,1234,87654321,11111111,8A56D10F3A514C3E909B1C73E6C6E6B4,E6FE3E6D431583E15FD466718838AACA
8988299000100000093,89882990001000000930,001019902000093,88240093,0000,12345678,1234,87654321,11111111,7874E30046A6D3DDA304E07EBFADE9CC,E6FE3E6D431583E15FD466718838AACA
8988299000100000094,89882990001000000948,001019902000094,88240094,0000,12345678,1234,87654321,11111111,2D874C6129B5F3EF04285EE4AD04CCDA,E6FE3E6D431583E15FD466718838AACA
8988299000100000095,89882990001000000955,001019902000095,88240095,0000,12345678,1234,87654321,11111111,72DC0815FCF3C80E9B8915C37E6AADB7,E6FE3E6D431583E15FD466718838AACA
8988299000100000096,89882990001000000963,001019902000096,88240096,0000,12345678,1234,87654321,11111111,33840CA72E7746523857E2D99DA6C079,E6FE3E6D431583E15FD466718838AACA
8988299000100000097,89882990001000000971,001019902000097,88240097,0000,12345678,1234,87654321,11111111,41901E56611D7035184A6BF7A504FEBD,E6FE3E6D431583E15FD466718838AACA
8988299000100000098,89882990001000000989,001019902000098,88240098,0000,12345678,1234,87654321,11111111,7C19CA30EFBAF66B386C7B0F5339C775,E6FE3E6D431583E15FD466718838AACA
8988299000100000099,89882990001000000997,001019902000099,88240099,0000,12345678,1234,87654321,11111111,F04219C8C34977FB928467A605F69217,E6FE3E6D431583E15FD466718838AACA
8988299000100000100,89882990001000001003,001019902000100,88240100,0000,12345678,1234,87654321,11111111,A1477B44553B3E0CA9ACF08CA5F03E8C,E6FE3E6D431583E15FD466718838AACA
8988299000100000101,89882990001000001011,001019902000101,88240101,0000,12345678,1234,87654321,11111111,E5D1DB51028464A18E3599ECEF989E03,E6FE3E6D431583E15FD466718838AACA
8988299000100000102,89882990001000001029,001019902000102,88240102,0000,12345678,1234,87654321,11111111,EEC30B9337CFFB71D251642FAAEF4625,E6FE3E6D431583E15FD466718838AACA
8988299000100000103,89882990001000001037,001019902000103,88240103,0000,12345678,1234,87654321,11111111,1B97F97E0E9A433121B0FAFCF55FFE07,E6FE3E6D431583E15FD466718838AACA
8988299000100000104,89882990001000001045,001019902000104,88240104,0000,12345678,1234,87654321,11111111,E1025DEAEBCA5F99468F9E3D75E5819B,E6FE3E6D431583E15FD466718838AACA
8988299000100000105,89882990001000001052,001019902000105,88240105,0000,12345678,1234,87654321,11111111,62B4F1ED0E980BDB966FF59715CE016C,E6FE3E6D431583E15FD466718838AACA
8988299000100000106,89882990001000001060,001019902000106,88240106,0000,12345678,1234,87654321,11111111,242C1AE6359D1D79E71ED3475D8ECA52,E6FE3E6D431583E15FD466718838AACA
8988299000100000107,89882990001000001078,001019902000107,88240107,0000,12345678,1234,87654321,11111111,7CCA5F2F673C005E50FB7C4C16CE84E9,E6FE3E6D431583E15FD466718838AACA
8988299000100000108,89882990001000001086,001019902000108,88240108,0000,12345678,1234,87654321,11111111,831FFF3B6CA6749F320100F00A7F97A4,E6FE3E6D431583E15FD466718838AACA
8988299000100000109,89882990001000001094,001019902000109,88240109,0000,12345678,1234,87654321,11111111,82A6A0506DA5898396C2EA47E08BC0A7,E6FE3E6D431583E15FD466718838AACA
8988299000100000110,89882990001000001102,001019902000110,88240110,0000,12345678,1234,87654321,11111111,5ED03CF647B68B11C9D5E628579E0846,E6FE3E6D431583E15FD466718838AACA
8988299000100000111,89882990001000001110,001019902000111,88240111,0000,12345678,1234,87654321,11111111,64C07C118E260487000ED64F363F9759,E6FE3E6D431583E15FD466718838AACA
8988299000100000112,89882990001000001128,001019902000112,88240112,0000,12345678,1234,87654321,11111111,A46A5C470616C1A0547E7074F1FE7405,E6FE3E6D431583E15FD466718838AACA
8988299000100000113,89882990001000001136,001019902000113,88240113,0000,12345678,1234,87654321,11111111,5F4EA17E5C1F19E2B53802EC695669AF,E6FE3E6D431583E15FD466718838AACA
8988299000100000114,89882990001000001144,001019902000114,88240114,0000,12345678,1234,87654321,11111111,DA631A8BC3E48270100C679C66DA9FD3,E6FE3E6D431583E15FD466718838AACA
8988299000100000115,89882990001000001151,001019902000115,88240115,0000,12345678,1234,87654321,11111111,9276677E70916D5363060BAAB4BDA16C,E6FE3E6D431583E15FD466718838AACA
8988299000100000116,89882990001000001169,001019902000116,88240116,0000,12345678,1234,87654321,11111111,8016A30860E3B8B01615B2440CA03B0F,E6FE3E6D431583E15FD466718838AACA
8988299000100000117,89882990001000001177,001019902000117,88240117,0000,12345678,1234,87654321,11111111,35D30B2B4CD6D6A92768B00E1FACBC5B,E6FE3E6D431583E15FD466718838AACA
8988299000100000118,89882990001000001185,001019902000118,88240118,0000,12345678,1234,87654321,11111111,FDC6612E3CFD6EE2D0E4BF3E9D8D3FCA,E6FE3E6D431583E15FD466718838AACA
8988299000100000119,89882990001000001193,001019902000119,88240119,0000,12345678,1234,87654321,11111111,C2BAAF00E3053E8FCD28BEEE0288A80D,E6FE3E6D431583E15FD466718838AACA
8988299000100000120,89882990001000001201,001019902000120,88240120,0000,12345678,1234,87654321,11111111,76B8E33526C0509D81D6B1A18BD19164,E6FE3E6D431583E15FD466718838AACA
8988299000100000121,89882990001000001219,001019902000121,88240121,0000,12345678,1234,87654321,11111111,64E992661D309DA5646D7133AF178C92,E6FE3E6D431583E15FD466718838AACA
8988299000100000122,89882990001000001227,001019902000122,88240122,0000,12345678,1234,87654321,11111111,D948493D58B7F1B6E46E3DA089A0E6E9,E6FE3E6D431583E15FD466718838AACA
8988299000100000123,89882990001000001235,001019902000123,88240123,0000,12345678,1234,87654321,11111111,6805997FA3EF801CAA52243EE17990F1,E6FE3E6D431583E15FD466718838AACA
8988299000100000124,89882990001000001243,001019902000124,88240124,0000,12345678,1234,87654321,11111111,8E1B3531C5C2734AFB6D8923C1BAB225,E6FE3E6D431583E15FD466718838AACA
8988299000100000125,89882990001000001250,001019902000125,88240125,0000,12345678,1234,87654321,11111111,B1AB839A7AA9FF22D480918F1E078D15,E6FE3E6D431583E15FD466718838AACA
8988299000100000126,89882990001000001268,001019902000126,88240126,0000,12345678,1234,87654321,11111111,64D464A0ACC50731E05EDDF1007A4EF3,E6FE3E6D431583E15FD466718838AACA
8988299000100000127,89882990001000001276,001019902000127,88240127,0000,12345678,1234,87654321,11111111,065759595270EBD34F4A19C8AFCAEEEB,E6FE3E6D431583E15FD466718838AACA
8988299000100000128,89882990001000001284,001019902000128,88240128,0000,12345678,1234,87654321,11111111,1BF5440DEE15CDC33DB4B824A53A4712,E6FE3E6D431583E15FD466718838AACA
8988299000100000129,89882990001000001292,001019902000129,88240129,0000,12345678,1234,87654321,11111111,019952672C50C50BBDCD36A7C2AB2F3E,E6FE3E6D431583E15FD466718838AACA
8988299000100000130,89882990001000001300,001019902000130,88240130,0000,12345678,1234,87654321,11111111,DFA6DACE027439FE4AB9AA94F4F35549,E6FE3E6D431583E15FD466718838AACA
8988299000100000131,89882990001000001318,001019902000131,88240131,0000,12345678,1234,87654321,11111111,CCB3B585DA43CB599DBD1502206B88B0,E6FE3E6D431583E15FD466718838AACA
8988299000100000132,89882990001000001326,001019902000132,88240132,0000,12345678,1234,87654321,11111111,8F13D230AE34E59DCB112FC668229F8E,E6FE3E6D431583E15FD466718838AACA
8988299000100000133,89882990001000001334,001019902000133,88240133,0000,12345678,1234,87654321,11111111,39B9ACD38713052AD669F28D971DFE91,E6FE3E6D431583E15FD466718838AACA
8988299000100000134,89882990001000001342,001019902000134,88240134,0000,12345678,1234,87654321,11111111,5C0901D5F447D6F856CC51DB284F62BB,E6FE3E6D431583E15FD466718838AACA
8988299000100000135,89882990001000001359,001019902000135,88240135,0000,12345678,1234,87654321,11111111,94545D7BBAF73EA79704572887F3F088,E6FE3E6D431583E15FD466718838AACA
8988299000100000136,89882990001000001367,001019902000136,88240136,0000,12345678,1234,87654321,11111111,E9991D630BBD6564E551960B37E2E86D,E6FE3E6D431583E15FD466718838AACA
8988299000100000137,89882990001000001375,001019902000137,88240137,0000,12345678,1234,87654321,11111111,21552DB41AE88133B8BF547328CA0F6B,E6FE3E6D431583E15FD466718838AACA
8988299000100000138,89882990001000001383,001019902000138,88240138,0000,12345678,1234,87654321,11111111,A516A05852B78F707589C1322B2C8881,E6FE3E6D431583E15FD466718838AACA
8988299000100000139,89882990001000001391,001019902000139,88240139,0000,12345678,1234,87654321,11111111,BDFE1A2E4778D69849CB3FC466427016,E6FE3E6D431583E15FD466718838AACA
8988299000100000140,89882990001000001409,001019902000140,88240140,0000,12345678,1234,87654321,11111111,5344F930B95D76C9ADE766ADF19D78FD,E6FE3E6D431583E15FD466718838AACA
8988299000100000141,89882990001000001417,001019902000141,88240141,0000,12345678,1234,87654321,11111111,A5387FFB96FA919BF75672D110A6AC4D,E6FE3E6D431583E15FD466718838AACA
8988299000100000142,89882990001000001425,001019902000142,88240142,0000,12345678,1234,87654321,11111111,F2A2E1127E29DDC9E1360AD626C4E944,E6FE3E6D431583E15FD466718838AACA
8988299000100000143,89882990001000001433,001019902000143,88240143,0000,12345678,1234,87654321,11111111,E67E92866B52481861FBE32999243FDA,E6FE3E6D431583E15FD466718838AACA
8988299000100000144,89882990001000001441,001019902000144,88240144,0000,12345678,1234,87654321,11111111,D7859FD8D344968FD327A8E07A6703AA,E6FE3E6D431583E15FD466718838AACA
8988299000100000145,89882990001000001458,001019902000145,88240145,0000,12345678,1234,87654321,11111111,97F310B476D4B22C51B2E84ED16CADE0,E6FE3E6D431583E15FD466718838AACA
8988299000100000146,89882990001000001466,001019902000146,88240146,0000,12345678,1234,87654321,11111111,6DF945D477B56BB1096CC56CC695E565,E6FE3E6D431583E15FD466718838AACA
8988299000100000147,89882990001000001474,001019902000147,88240147,0000,12345678,1234,87654321,11111111,7C0A78770E126C619541F04E7318F478,E6FE3E6D431583E15FD466718838AACA
8988299000100000148,89882990001000001482,001019902000148,88240148,0000,12345678,1234,87654321,11111111,7B8D90FF8E02D38B58C7D538F1D96B41,E6FE3E6D431583E15FD466718838AACA
8988299000100000149,89882990001000001490,001019902000149,88240149,0000,12345678,1234,87654321,11111111,91D48BBD01FDC8AFC1F6CD0AC878EDD3,E6FE3E6D431583E15FD466718838AACA
8988299000100000150,89882990001000001508,001019902000150,88240150,0000,12345678,1234,87654321,11111111,06EE28237518752AE0480CDAEEBE0FD2,E6FE3E6D431583E15FD466718838AACA
8988299000100000151,89882990001000001516,001019902000151,88240151,0000,12345678,1234,87654321,11111111,811ED02E0A8A1B7CFB4AFC2EF63E05A2,E6FE3E6D431583E15FD466718838AACA
8988299000100000152,89882990001000001524,001019902000152,88240152,0000,12345678,1234,87654321,11111111,E365552E7D7C1377B793056D673F40AD,E6FE3E6D431583E15FD466718838AACA
8988299000100000153,89882990001000001532,001019902000153,88240153,0000,12345678,1234,87654321,11111111,BD5533881E3EAEEBF1D9973C695C86EB,E6FE3E6D431583E15FD466718838AACA
8988299000100000154,89882990001000001540,001019902000154,88240154,0000,12345678,1234,87654321,11111111,4F5CDE678FC36FD7133E87C1A78662C0,E6FE3E6D431583E15FD466718838AACA
8988299000100000155,89882990001000001557,001019902000155,88240155,0000,12345678,1234,87654321,11111111,5EF4CE8F47DC15767BBB4BB2DEF9F00C,E6FE3E6D431583E15FD466718838AACA
8988299000100000156,89882990001000001565,001019902000156,88240156,0000,12345678,1234,87654321,11111111,71CFA2089DE2DF87BE0E256E53C97715,E6FE3E6D431583E15FD466718838AACA
8988299000100000157,89882990001000001573,001019902000157,88240157,0000,12345678,1234,87654321,11111111,46DCFFF3DF62AABB2BD9BD3D0763EFA6,E6FE3E6D431583E15FD466718838AACA
8988299000100000158,89882990001000001581,001019902000158,88240158,0000,12345678,1234,87654321,11111111,493E307A6EE99FA472954CA0241C95C2,E6FE3E6D431583E15FD466718838AACA
8988299000100000159,89882990001000001599,001019902000159,88240159,0000,12345678,1234,87654321,11111111,18EFBABF4954A7DB4851B092AC3E50B8,E6FE3E6D431583E15FD466718838AACA
8988299000100000160,89882990001000001607,001019902000160,88240160,0000,12345678,1234,87654321,11111111,85039DB261896D0437B794DBC842C3F8,E6FE3E6D431583E15FD466718838AACA
8988299000100000161,89882990001000001615,001019902000161,88240161,0000,12345678,1234,87654321,11111111,770418C32EECF46DDCC1F8A6CBC7C264,E6FE3E6D431583E15FD466718838AACA
8988299000100000162,89882990001000001623,001019902000162,88240162,0000,12345678,1234,87654321,11111111,7CB8BD1BD175F8829C801748C6372B0A,E6FE3E6D431583E15FD466718838AACA
8988299000100000163,89882990001000001631,001019902000163,88240163,0000,12345678,1234,87654321,11111111,BB76E2B286E85502F14696BA6B96A956,E6FE3E6D431583E15FD466718838AACA
8988299000100000164,89882990001000001649,001019902000164,88240164,0000,12345678,1234,87654321,11111111,9A45BFD8F4DCCEC8DC6F0AEF9806FE17,E6FE3E6D431583E15FD466718838AACA
8988299000100000165,89882990001000001656,001019902000165,88240165,0000,12345678,1234,87654321,11111111,198C3766C2310AA4124DF1B0A14CB374,E6FE3E6D431583E15FD466718838AACA
8988299000100000166,89882990001000001664,001019902000166,88240166,0000,12345678,1234,87654321,11111111,E87FB756CD10AA76AD9FABEA98423FF6,E6FE3E6D431583E15FD466718838AACA
8988299000100000167,89882990001000001672,001019902000167,88240167,0000,12345678,1234,87654321,11111111,9E90BABE27D095E5B8E647863629E05D,E6FE3E6D431583E15FD466718838AACA
8988299000100000168,89882990001000001680,001019902000168,88240168,0000,12345678,1234,87654321,11111111,BDFB29D8D7B670BB43C7B0A4341A8AFB,E6FE3E6D431583E15FD466718838AACA
8988299000100000169,89882990001000001698,001019902000169,88240169,0000,12345678,1234,87654321,11111111,61F2C95A023BE23DA91C999C3EE56C28,E6FE3E6D431583E15FD466718838AACA
8988299000100000170,89882990001000001706,001019902000170,88240170,0000,12345678,1234,87654321,11111111,66C398A652FB43DCCFD0C1268CF40698,E6FE3E6D431583E15FD466718838AACA
8988299000100000171,89882990001000001714,001019902000171,88240171,0000,12345678,1234,87654321,11111111,F9E65316918E21DE043A9D6633A9E801,E6FE3E6D431583E15FD466718838AACA
8988299000100000172,89882990001000001722,001019902000172,88240172,0000,12345678,1234,87654321,11111111,C969FF97E723950E3F9E83BE39E151FF,E6FE3E6D431583E15FD466718838AACA
8988299000100000173,89882990001000001730,001019902000173,88240173,0000,12345678,1234,87654321,11111111,04E3DF05187EE9BB8635FE7C25CE7DCB,E6FE3E6D431583E15FD466718838AACA
8988299000100000174,89882990001000001748,001019902000174,88240174,0000,12345678,1234,87654321,11111111,0698CB8B41E8A292A32D3BE90BA0790A,E6FE3E6D431583E15FD466718838AACA
8988299000100000175,89882990001000001755,001019902000175,88240175,0000,12345678,1234,87654321,11111111,9C83E80B918430D9A47253A7E3BF2E5C,E6FE3E6D431583E15FD466718838AACA
8988299000100000176,89882990001000001763,001019902000176,88240176,0000,12345678,1234,87654321,11111111,73BB1966DB66AE7D7FB95C7B63866B99,E6FE3E6D431583E15FD466718838AACA
8988299000100000177,89882990001000001771,001019902000177,88240177,0000,12345678,1234,87654321,11111111,4DCCC1320D0D6BBF09F97FC2F2A2BBAC,E6FE3E6D431583E15FD466718838AACA
8988299000100000178,89882990001000001789,001019902000178,88240178,0000,12345678,1234,87654321,11111111,95EF9352586FC65C391FA88336C0D222,E6FE3E6D431583E15FD466718838AACA
8988299000100000179,89882990001000001797,001019902000179,88240179,0000,12345678,1234,87654321,11111111,B955BF00C16257BB52810529B23AA6E7,E6FE3E6D431583E15FD466718838AACA
8988299000100000180,89882990001000001805,001019902000180,88240180,0000,12345678,1234,87654321,11111111,3475EB981043673C816597E8B6C2CA84,E6FE3E6D431583E15FD466718838AACA
8988299000100000181,89882990001000001813,001019902000181,88240181,0000,12345678,1234,87654321,11111111,277D7AF923453568740710045B8FC7D7,E6FE3E6D431583E15FD466718838AACA
8988299000100000182,89882990001000001821,001019902000182,88240182,0000,12345678,1234,87654321,11111111,87B34CC0D9B81CBEC7F9AEE94AB9E34C,E6FE3E6D431583E15FD466718838AACA
8988299000100000183,89882990001000001839,001019902000183,88240183,0000,12345678,1234,87654321,11111111,F360F4DB51044D0386F9C7BD3B126D46,E6FE3E6D431583E15FD466718838AACA
8988299000100000184,89882990001000001847,001019902000184,88240184,0000,12345678,1234,87654321,11111111,D9FF17D730EA3BA2C97796E93CE2EC26,E6FE3E6D431583E15FD466718838AACA
8988299000100000185,89882990001000001854,001019902000185,88240185,0000,12345678,1234,87654321,11111111,A1299FA06B0650A8964408623F9795C5,E6FE3E6D431583E15FD466718838AACA
8988299000100000186,89882990001000001862,001019902000186,88240186,0000,12345678,1234,87654321,11111111,9ABF2CD3CC793FB3B1382138230DE4AB,E6FE3E6D431583E15FD466718838AACA
8988299000100000187,89882990001000001870,001019902000187,88240187,0000,12345678,1234,87654321,11111111,AD1A65DD07C406DF21194566D0AE10C8,E6FE3E6D431583E15FD466718838AACA
8988299000100000188,89882990001000001888,001019902000188,88240188,0000,12345678,1234,87654321,11111111,5609BE96949B160B6CE4A6955ADE1BD7,E6FE3E6D431583E15FD466718838AACA
8988299000100000189,89882990001000001896,001019902000189,88240189,0000,12345678,1234,87654321,11111111,6AA29FBBFB482A7CF9B734DD1B2DC8CD,E6FE3E6D431583E15FD466718838AACA
8988299000100000190,89882990001000001904,001019902000190,88240190,0000,12345678,1234,87654321,11111111,09C75E629153C205258BDB13CD50B410,E6FE3E6D431583E15FD466718838AACA
8988299000100000191,89882990001000001912,001019902000191,88240191,0000,12345678,1234,87654321,11111111,573350D450B18713BFB5EEA49A35B33B,E6FE3E6D431583E15FD466718838AACA
8988299000100000192,89882990001000001920,001019902000192,88240192,0000,12345678,1234,87654321,11111111,7E56215C15447180A17B2301F4F96F63,E6FE3E6D431583E15FD466718838AACA
8988299000100000193,89882990001000001938,001019902000193,88240193,0000,12345678,1234,87654321,11111111,A656571B466EA1A1A4FAFF30F14A4803,E6FE3E6D431583E15FD466718838AACA
8988299000100000194,89882990001000001946,001019902000194,88240194,0000,12345678,1234,87654321,11111111,F3A22551716B8A120BC0B2C3ABB7E48E,E6FE3E6D431583E15FD466718838AACA
8988299000100000195,89882990001000001953,001019902000195,88240195,0000,12345678,1234,87654321,11111111,FBDAC4889064B87CDA28F4C59243A3BD,E6FE3E6D431583E15FD466718838AACA
8988299000100000196,89882990001000001961,001019902000196,88240196,0000,12345678,1234,87654321,11111111,076CF5B30F68F967328FF26BC77FDC99,E6FE3E6D431583E15FD466718838AACA
8988299000100000197,89882990001000001979,001019902000197,88240197,0000,12345678,1234,87654321,11111111,9F57C1C892A912E2A0819D7E74630A1C,E6FE3E6D431583E15FD466718838AACA
8988299000100000198,89882990001000001987,001019902000198,88240198,0000,12345678,1234,87654321,11111111,8D5F5095D0964D0B3FE052AABDA8D8CD,E6FE3E6D431583E15FD466718838AACA
8988299000100000199,89882990001000001995,001019902000199,88240199,0000,12345678,1234,87654321,11111111,21A45EF9A0527E15CEC2D38F4FF2EA25,E6FE3E6D431583E15FD466718838AACA
